basepair id,base id,deepti id,x,y,z
0,0,0,40.81800079345703,-43.76599884033203,-89.1240005493164
1,0,1,43.108001708984375,-43.33000183105469,-86.50900268554688
2,0,2,45.01900100708008,-42.39400100708008,-83.91400146484375
3,0,3,44.77199935913086,-39.6349983215332,-80.88999938964844
4,0,4,45.36199951171875,-39.06999969482422,-77.5719985961914
5,0,5,46.59400177001953,-38.00199890136719,-74.78299713134766
6,0,6,45.766998291015625,-39.547000885009766,-70.56999969482422
7,0,7,45.78499984741211,-38.65700149536133,-67.33100128173828
8,0,8,46.513999938964844,-39.766998291015625,-63.849998474121094
9,0,9,46.84299850463867,-40.57699966430664,-60.611000061035156
10,0,10,49.766998291015625,-40.069000244140625,-57.69200134277344
11,0,11,50.80699920654297,-40.840999603271484,-54.51900100708008
12,0,12,50.832000732421875,-37.64799880981445,-51.14099884033203
13,0,13,50.43199920654297,-36.94900131225586,-46.9379997253418
14,0,14,49.74300003051758,-34.013999938964844,-44.277000427246094
15,0,15,49.948001861572266,-32.5359992980957,-41.374000549316406
16,0,16,47.902000427246094,-31.80500030517578,-39.08399963378906
17,0,17,46.946998596191406,-30.42300033569336,-35.941001892089844
18,0,18,45.20100021362305,-31.577999114990234,-33.14799880981445
19,0,19,43.42499923706055,-33.051998138427734,-30.381000518798828
20,0,20,42.08399963378906,-32.722999572753906,-26.893999099731445
21,0,21,41.92300033569336,-32.486000061035156,-22.92799949645996
22,0,22,40.5880012512207,-29.84600067138672,-19.50200080871582
23,0,23,36.2859992980957,-29.47100067138672,-18.520999908447266
24,0,24,35.25299835205078,-26.510000228881836,-15.288999557495117
25,0,25,32.69200134277344,-26.82900047302246,-14.58899974822998
26,0,26,29.308000564575195,-25.96299934387207,-14.001999855041504
27,0,27,25.73699951171875,-25.500999450683594,-13.37600040435791
28,0,28,22.924999237060547,-26.929000854492188,-11.477999687194824
29,0,29,19.91900062561035,-27.36400032043457,-10.678000450134277
30,0,30,16.57900047302246,-28.097999572753906,-9.157999992370605
31,0,31,13.22599983215332,-29.513999938964844,-8.508999824523926
32,0,32,10.052000045776367,-28.39900016784668,-7.198999881744385
33,0,33,6.456999778747559,-29.177000045776367,-5.6529998779296875
34,0,34,3.6519999504089355,-27.357999801635742,-7.230000019073486
35,0,35,-0.07800000160932541,-28.243000030517578,-6.875999927520752
36,0,36,-2.938999891281128,-26.517000198364258,-9.696000099182129
37,0,37,-6.309999942779541,-27.590999603271484,-12.347999572753906
38,0,38,-8.972999572753906,-28.336999893188477,-14.614999771118164
39,0,39,-11.119000434875488,-28.638999938964844,-17.381999969482422
40,0,40,-13.295000076293945,-30.475000381469727,-19.34000015258789
41,0,41,-16.524999618530273,-30.739999771118164,-20.341999053955078
42,0,42,-20.45199966430664,-31.7810001373291,-22.493000030517578
43,0,43,-22.770999908447266,-32.95500183105469,-25.106000900268555
44,0,44,-24.410999298095703,-33.479000091552734,-27.500999450683594
45,0,45,-25.868000030517578,-31.0939998626709,-30.80699920654297
46,0,46,-28.27199935913086,-30.679000854492188,-33.03799819946289
47,0,47,-28.739999771118164,-29.645999908447266,-37.08599853515625
48,0,48,-29.77400016784668,-28.72100067138672,-40.654998779296875
49,0,49,-28.288999557495117,-32.25199890136719,-43.891998291015625
50,0,50,-29.729000091552734,-33.077999114990234,-46.7859992980957
51,0,51,-30.052000045776367,-34.75899887084961,-49.5
52,0,52,-31.708999633789062,-35.095001220703125,-52.46799850463867
53,0,53,-32.637001037597656,-33.90800094604492,-56.518001556396484
54,0,54,-32.54100036621094,-34.56100082397461,-59.64899826049805
55,0,55,-32.750999450683594,-33.39400100708008,-63.060001373291016
56,0,56,-30.732999801635742,-33.058998107910156,-66.71399688720703
57,0,57,-29.37299919128418,-32.84400177001953,-70.38700103759766
58,0,58,-27.08300018310547,-31.736000061035156,-73.77100372314453
59,0,59,-24.030000686645508,-31.35700035095215,-75.08599853515625
60,0,60,-22.94300079345703,-32.42499923706055,-77.96299743652344
61,0,61,-20.534000396728516,-33.74800109863281,-80.29000091552734
62,0,62,-17.910999298095703,-33.03799819946289,-84.49299621582031
63,0,63,-15.696999549865723,-33.132999420166016,-87.13200378417969
64,0,64,-13.42199993133545,-31.704999923706055,-89.24299621582031
65,0,65,-10.666000366210938,-31.5049991607666,-90.30899810791016
66,0,66,-7.081999778747559,-29.656999588012695,-90.45500183105469
67,0,67,-4.026000022888184,-28.731000900268555,-91.51599884033203
68,0,68,-0.12399999797344208,-26.73699951171875,-90.5510025024414
69,0,69,3.1110000610351562,-27.11400032043457,-91.26100158691406
70,0,70,6.125,-27.57699966430664,-91.35800170898438
71,0,71,9.003999710083008,-27.381999969482422,-92.47599792480469
72,0,72,13.01200008392334,-26.05299949645996,-92.61499786376953
73,0,73,16.47800064086914,-25.617000579833984,-92.84200286865234
74,0,74,19.584999084472656,-24.472000122070312,-93.03700256347656
75,0,75,23.242000579833984,-22.672000885009766,-92.27999877929688
76,0,76,26.23200035095215,-20.23200035095215,-91.2300033569336
77,0,77,28.788000106811523,-19.44700050354004,-89.3280029296875
78,0,78,30.427000045776367,-16.902000427246094,-86.0
79,0,79,32.5369987487793,-16.711999893188477,-82.91799926757812
80,0,80,35.9010009765625,-17.933000564575195,-81.63999938964844
81,0,81,38.823001861572266,-17.990999221801758,-80.56700134277344
82,0,82,41.42900085449219,-16.718000411987305,-79.00800323486328
83,0,83,43.92399978637695,-16.961000442504883,-76.31999969482422
84,0,84,45.05500030517578,-13.913000106811523,-73.00199890136719
85,0,85,47.55500030517578,-12.321000099182129,-71.1760025024414
86,0,86,48.680999755859375,-12.119999885559082,-67.052001953125
87,0,87,48.902000427246094,-9.020999908447266,-63.694000244140625
88,0,88,48.40399932861328,-7.929999828338623,-60.34000015258789
89,0,89,46.88399887084961,-9.317000389099121,-56.263999938964844
90,0,90,46.93199920654297,-9.753999710083008,-53.16400146484375
91,0,91,47.74100112915039,-9.854000091552734,-50.04499816894531
92,0,92,48.744998931884766,-9.668000221252441,-46.47700119018555
93,0,93,48.617000579833984,-6.318999767303467,-44.33100128173828
94,0,94,47.04600143432617,-5.692999839782715,-41.439998626708984
95,0,95,46.520999908447266,-4.807000160217285,-37.95600128173828
96,0,96,42.65700149536133,-3.3340001106262207,-36.2599983215332
97,0,97,41.987998962402344,-3.5480000972747803,-33.00299835205078
98,0,98,38.40299987792969,-2.6029999256134033,-31.746000289916992
99,0,99,35.80400085449219,-1.9500000476837158,-28.468000411987305
100,0,100,32.02799987792969,-3.4149999618530273,-27.927000045776367
101,0,101,30.357999801635742,-2.628000020980835,-24.788999557495117
102,0,102,28.743000030517578,-3.686000108718872,-21.20599937438965
103,0,103,26.722999572753906,-3.6659998893737793,-18.55699920654297
104,0,104,23.886999130249023,-3.11899995803833,-16.273000717163086
105,0,105,21.05500030517578,-3.0929999351501465,-15.102999687194824
106,0,106,17.974000930786133,-1.5,-13.069999694824219
107,0,107,14.529999732971191,-0.28600001335144043,-12.407999992370605
108,0,108,11.147000312805176,-0.13600000739097595,-13.159000396728516
109,0,109,7.2829999923706055,-0.7720000147819519,-13.168999671936035
110,0,110,3.9000000953674316,-1.5440000295639038,-12.770999908447266
111,0,111,1.6139999628067017,-3.5950000286102295,-14.0600004196167
112,0,112,-2.443000078201294,-3.0889999866485596,-11.614999771118164
113,0,113,-5.626999855041504,-4.693999767303467,-11.437000274658203
114,0,114,-9.145000457763672,-2.63100004196167,-12.13599967956543
115,0,115,-12.78600025177002,-4.078999996185303,-13.168000221252441
116,0,116,-15.857000350952148,-2.556999921798706,-15.211999893188477
117,0,117,-18.485000610351562,-1.6799999475479126,-18.115999221801758
118,0,118,-20.722000122070312,-1.9639999866485596,-21.215999603271484
119,0,119,-22.058000564575195,-3.322999954223633,-24.632999420166016
120,0,120,-23.909000396728516,-4.019999980926514,-27.735000610351562
121,0,121,-25.885000228881836,-6.01800012588501,-29.21500015258789
122,0,122,-27.47800064086914,-6.88700008392334,-31.93199920654297
123,0,123,-31.402000427246094,-7.125,-32.62799835205078
124,0,124,-31.45199966430664,-6.629000186920166,-36.55400085449219
125,0,125,-34.744998931884766,-5.017000198364258,-38.48099899291992
126,0,126,-34.797000885009766,-4.25,-42.50299835205078
127,0,127,-36.722999572753906,-5.676000118255615,-45.13199996948242
128,0,128,-35.625,-3.549999952316284,-48.8650016784668
129,0,129,-34.53799819946289,-3.9809999465942383,-52.8129997253418
130,0,130,-33.04499816894531,-4.7779998779296875,-56.24700164794922
131,0,131,-31.53499984741211,-3.361999988555908,-59.729000091552734
132,0,132,-31.520000457763672,-5.395999908447266,-63.119998931884766
133,0,133,-31.663999557495117,-5.749000072479248,-66.44300079345703
134,0,134,-31.959999084472656,-6.186999797821045,-69.83100128173828
135,0,135,-32.763999938964844,-5.3470001220703125,-73.75499725341797
136,0,136,-30.781999588012695,-5.7129998207092285,-76.39700317382812
137,0,137,-29.048999786376953,-4.580999851226807,-79.33799743652344
138,0,138,-26.33799934387207,-3.8499999046325684,-81.50800323486328
139,0,139,-24.73900032043457,-4.079999923706055,-84.68699645996094
140,0,140,-21.96500015258789,-7.059000015258789,-86.78500366210938
141,0,141,-19.417999267578125,-7.276000022888184,-88.79499816894531
142,0,142,-18.1299991607666,-9.418999671936035,-91.29399871826172
143,0,143,-16.91200065612793,-9.197999954223633,-94.39199829101562
144,0,144,-17.21500015258789,-10.321999549865723,-98.20099639892578
145,0,145,-14.819999694824219,-11.279999732971191,-100.28500366210938
145,1,146,-14.807000160217285,-7.920000076293945,-100.28900146484375
144,1,147,-18.14699935913086,-7.668000221252441,-98.67900085449219
143,1,148,-20.288999557495117,-8.442000389099121,-96.3949966430664
142,1,149,-20.81100082397461,-9.427000045776367,-92.97599792480469
141,1,150,-21.920000076293945,-9.510000228881836,-90.06700134277344
140,1,151,-23.913999557495117,-9.406999588012695,-87.18399810791016
139,1,152,-23.764999389648438,-6.723999977111816,-83.95500183105469
138,1,153,-24.788000106811523,-6.63100004196167,-80.54399871826172
137,1,154,-26.30699920654297,-4.818999767303467,-77.47599792480469
136,1,155,-27.767000198364258,-2.8919999599456787,-75.50800323486328
135,1,156,-31.035999298095703,-1.8600000143051147,-73.3759994506836
134,1,157,-32.86800003051758,-2.1579999923706055,-70.21900177001953
133,1,158,-33.55099868774414,-2.5920000076293945,-66.96900177001953
132,1,159,-34.263999938964844,-3.865000009536743,-63.176998138427734
131,1,160,-34.321998596191406,-5.118000030517578,-59.4900016784668
130,1,161,-35.62799835205078,-7.1539998054504395,-56.12699890136719
129,1,162,-33.888999938964844,-7.34499979019165,-52.5890007019043
128,1,163,-34.665000915527344,-7.613999843597412,-49.33100128173828
127,1,164,-33.42900085449219,-5.116000175476074,-46.672000885009766
126,1,165,-31.91900062561035,-4.230999946594238,-43.83700180053711
125,1,166,-31.93600082397461,-1.7890000343322754,-40.60599899291992
124,1,167,-33.4010009765625,-2.8929998874664307,-37.37300109863281
123,1,168,-31.96500015258789,-1.5130000114440918,-33.62200164794922
122,1,169,-29.604999542236328,-5.223999977111816,-31.593000411987305
121,1,170,-28.4950008392334,-4.855999946594238,-27.391000747680664
120,1,171,-25.638999938964844,-4.908999919891357,-25.356000900268555
119,1,172,-22.885000228881836,-6.158999919891357,-23.058000564575195
118,1,173,-20.364999771118164,-5.144000053405762,-21.10300064086914
117,1,174,-17.691999435424805,-4.126999855041504,-19.746999740600586
116,1,175,-14.751999855041504,-2.9600000381469727,-18.226999282836914
115,1,176,-12.065999984741211,-2.1760001182556152,-15.66100025177002
114,1,177,-9.045000076293945,-0.9290000200271606,-15.029999732971191
113,1,178,-5.853000164031982,-1.6649999618530273,-11.628999710083008
112,1,179,-3.1470000743865967,-0.026000000536441803,-9.947999954223633
111,1,180,0.39500001072883606,-2.8410000801086426,-10.83899974822998
110,1,181,3.993000030517578,-2.3259999752044678,-9.614999771118164
109,1,182,7.690999984741211,-2.5799999237060547,-10.654000282287598
108,1,183,11.175000190734863,-2.7360000610351562,-11.840999603271484
107,1,184,15.680999755859375,-5.9710001945495605,-13.428999900817871
106,1,185,16.878000259399414,-2.240999937057495,-15.991000175476074
105,1,186,19.558000564575195,-1.0230000019073486,-17.774999618530273
104,1,187,23.466999053955078,-0.5860000252723694,-18.391000747680664
103,1,188,26.511999130249023,-0.7160000205039978,-19.451000213623047
102,1,189,29.270000457763672,-0.18000000715255737,-20.402999877929688
101,1,190,31.95800018310547,-0.2619999945163727,-22.93000030517578
100,1,191,34.49800109863281,-3.878999948501587,-25.792999267578125
99,1,192,38.00199890136719,-3.931999921798706,-27.0
98,1,193,38.888999938964844,-5.988999843597412,-30.610000610351562
97,1,194,41.18000030517578,-7.067999839782715,-33.59600067138672
96,1,195,40.52299880981445,-5.168000221252441,-37.81100082397461
95,1,196,43.24399948120117,-3.9040000438690186,-39.599998474121094
94,1,197,44.38800048828125,-4.0879998207092285,-42.680999755859375
93,1,198,47.54600143432617,-3.36299991607666,-45.275001525878906
92,1,199,48.72700119018555,-6.724999904632568,-47.540000915527344
91,1,200,50.88399887084961,-7.5229997634887695,-50.79499816894531
90,1,201,50.768001556396484,-9.289999961853027,-53.61000061035156
89,1,202,49.983001708984375,-9.342000007629395,-57.099998474121094
88,1,203,50.31399917602539,-10.112000465393066,-60.180999755859375
87,1,204,47.915000915527344,-12.317999839782715,-63.209999084472656
86,1,205,46.51300048828125,-14.482000350952148,-66.21900177001953
85,1,206,44.89899826049805,-13.253000259399414,-69.64399719238281
84,1,207,42.5099983215332,-12.611000061035156,-72.00299835205078
83,1,208,43.11899948120117,-13.503999710083008,-75.76799774169922
82,1,209,41.38100051879883,-13.13700008392334,-78.83499908447266
81,1,210,39.8489990234375,-15.616000175476074,-82.3489990234375
80,1,211,37.374000549316406,-16.940000534057617,-84.2020034790039
79,1,212,34.03900146484375,-17.701000213623047,-84.96199798583984
78,1,213,31.09000015258789,-19.722999572753906,-87.21399688720703
77,1,214,28.895000457763672,-22.534000396728516,-88.87100219726562
76,1,215,24.98900032043457,-21.75,-88.822998046875
75,1,216,21.795000076293945,-22.19300079345703,-89.30599975585938
74,1,217,18.69499969482422,-22.350000381469727,-90.59500122070312
73,1,218,15.635000228881836,-22.42300033569336,-91.79399871826172
72,1,219,12.168000221252441,-22.41200065612793,-92.60900115966797
71,1,220,9.184000015258789,-24.760000228881836,-94.60399627685547
70,1,221,5.940000057220459,-26.006000518798828,-94.67900085449219
69,1,222,2.3480000495910645,-28.117000579833984,-93.98200225830078
68,1,223,-0.5339999794960022,-29.53700065612793,-92.32499694824219
67,1,224,-3.691999912261963,-31.531999588012695,-92.09300231933594
66,1,225,-6.406000137329102,-31.663000106811523,-88.6449966430664
65,1,226,-9.510000228881836,-31.402999877929688,-87.61299896240234
64,1,227,-12.604000091552734,-30.136999130249023,-86.81500244140625
63,1,228,-15.581999778747559,-30.75,-85.76100158691406
62,1,229,-18.402000427246094,-30.077999114990234,-84.13800048828125
61,1,230,-21.643999099731445,-31.579999923706055,-82.01599884033203
60,1,231,-24.819000244140625,-30.948999404907227,-80.0270004272461
59,1,232,-26.7810001373291,-32.10300064086914,-77.05400085449219
58,1,233,-30.85300064086914,-34.922000885009766,-72.88400268554688
57,1,234,-30.523000717163086,-36.32899856567383,-69.6050033569336
56,1,235,-29.086000442504883,-35.369998931884766,-66.22200012207031
55,1,236,-28.81599998474121,-34.150001525878906,-62.803001403808594
54,1,237,-30.16200065612793,-31.923999786376953,-60.020999908447266
53,1,238,-31.64699935913086,-31.07200050354004,-56.73899841308594
52,1,239,-32.902000427246094,-31.974000930786133,-53.625
51,1,240,-32.46200180053711,-32.638999938964844,-49.737998962402344
50,1,241,-32.56999969482422,-31.750999450683594,-46.35499954223633
49,1,242,-31.261999130249023,-33.6870002746582,-42.957000732421875
48,1,243,-31.06999969482422,-31.92099952697754,-40.082000732421875
47,1,244,-28.145999908447266,-32.99700164794922,-37.2760009765625
46,1,245,-26.389999389648438,-32.89099884033203,-33.888999938964844
45,1,246,-22.916000366210938,-31.84600067138672,-32.21200180053711
44,1,247,-22.104999542236328,-31.027999877929688,-29.16200065612793
43,1,248,-20.97599983215332,-29.986000061035156,-25.591999053955078
42,1,249,-19.368000030517578,-28.155000686645508,-22.902000427246094
41,1,250,-18.43199920654297,-29.086000442504883,-18.902999877929688
40,1,251,-14.70199966430664,-29.024999618530273,-17.082000732421875
39,1,252,-12.439000129699707,-29.375,-13.366000175476074
38,1,253,-9.241999626159668,-30.354000091552734,-11.565999984741211
37,1,254,-5.598999977111816,-30.60099983215332,-11.637999534606934
36,1,255,-2.4539999961853027,-29.309999465942383,-11.293000221252441
35,1,256,0.6370000243186951,-28.14299964904785,-10.39799976348877
34,1,257,3.7079999446868896,-26.797000885009766,-10.925000190734863
33,1,258,7.320000171661377,-26.854000091552734,-7.0980000495910645
32,1,259,9.621999740600586,-24.158000946044922,-7.379000186920166
31,1,260,12.85200023651123,-26.613000869750977,-6.492000102996826
30,1,261,16.476999282836914,-26.073999404907227,-6.909999847412109
29,1,262,20.27400016784668,-26.950000762939453,-7.443999767303467
28,1,263,23.31399917602539,-28.961999893188477,-9.196999549865723
27,1,264,26.40999984741211,-29.3439998626709,-11.612000465393066
26,1,265,28.458999633789062,-29.68000030517578,-14.482999801635742
25,1,266,31.048999786376953,-29.038999557495117,-17.149999618530273
24,1,267,33.04399871826172,-27.524999618530273,-19.190000534057617
23,1,268,34.790000915527344,-26.086999893188477,-21.586999893188477
22,1,269,40.19499969482422,-25.702999114990234,-21.172000885009766
21,1,270,41.27799987792969,-28.149999618530273,-23.714000701904297
20,1,271,43.86000061035156,-29.655000686645508,-25.23699951171875
19,1,272,46.03499984741211,-32.69499969482422,-27.20199966430664
18,1,273,47.762001037597656,-31.55699920654297,-30.117000579833984
17,1,274,47.84700012207031,-34.005001068115234,-34.45899963378906
16,1,275,48.391998291015625,-34.6879997253418,-38.06399917602539
15,1,276,47.41600036621094,-34.67599868774414,-42.34199905395508
14,1,277,46.91899871826172,-36.46900177001953,-45.0629997253418
13,1,278,48.11800003051758,-35.361000061035156,-48.417999267578125
12,1,279,48.632999420166016,-35.46099853515625,-52.07400131225586
11,1,280,50.95800018310547,-37.34199905395508,-54.69499969482422
10,1,281,52.047000885009766,-37.92499923706055,-58.27399826049805
9,1,282,49.856998443603516,-40.20800018310547,-60.90700149536133
8,1,283,49.56100082397461,-41.18899917602539,-64.30699920654297
7,1,284,47.25,-41.775001525878906,-67.18900299072266
6,1,285,47.0099983215332,-42.7239990234375,-70.39700317382812
5,1,286,45.15599822998047,-40.0880012512207,-73.97100067138672
4,1,287,42.7869987487793,-40.40399932861328,-76.5
3,1,288,42.106998443603516,-39.32600021362305,-79.56300354003906
2,1,289,42.72600173950195,-40.111000061035156,-83.13999938964844
1,1,290,42.819000244140625,-40.391998291015625,-86.55400085449219
0,1,291,41.3380012512207,-40.69300079345703,-89.92900085449219
